,Country,1960,1961,1962,1963,1964,1965,1966,1967,1968,1969,1970,1971,1972,1973,1974,1975,1976,1977,1978,1979,1980,1981,1982,1983,1984,1985,1986,1987,1988,1989,1990,1991,1992,1993,1994,1995,1996,1997,1998,1999,2000,2001,2002,2003,2004,2005,2006,2007,2008,2009,2010,2011
4,Algeria,1280.384828,1085.4146119999998,855.9479859999999,1128.41578,1170.323896,1215.015783,1127.614288,1200.558225,1291.863983,1359.4910029999999,1436.129775,1235.663803,1527.646365,1538.306425,1603.34962,1632.296018,1714.0700530000001,1747.665127,1848.4375079999998,1923.29062,1876.0756390000001,1869.621279,1924.614086,1963.365104,2008.4721760000002,2020.08722,1969.7642170000001,1902.0610980000001,1833.152878,1864.712582,1832.743369,1766.6608390000001,1755.973698,1680.3798559999998,1630.381508,1660.004192,1698.333823,1690.2375379999999,1750.6509,1781.142464,1794.4052329999997,1814.41513,1871.9219859999998,1971.512803,2043.135713,2115.186028,2124.957754,2155.4852309999997,2173.787903,2192.7039760000002,2231.980246,2255.225482
10,Argentina,5251.876754,5448.303627,5316.578969,4956.216522,5375.463707,5855.611563,5733.311946,5833.052304999999,6028.124335,6515.364261,6611.234203,6872.758345,6867.510789,6940.168634999999,7200.908314,7081.660694,6830.307723999999,7193.565031,6767.812206999999,7349.623944,7540.685262999999,7004.458740000001,6556.347586,6707.056860000001,6751.820111,6146.155455,6531.926422,6623.374506,6360.588619,5800.056982,5581.9623409999995,6203.445662,6851.752586,7162.093421,7483.560918000001,7179.9388260000005,7484.004016,7994.115547,8205.47459,7839.514937999999,7695.594073,7283.062916,6428.393836,6933.155594,7492.249508,8107.975365,8717.176296,9388.688523,9935.834245999999,9933.229024,10749.31922,11601.630220000001
13,Australia,9407.685082,9451.546304000001,9351.023272,9749.128563,10231.144470000001,10633.0944,10635.677909999999,11165.70646,11533.02832,12091.75533,12708.91935,12777.83407,13034.08135,13176.58538,13375.9812,13375.55956,13590.0944,13918.040430000001,13879.18525,14297.381430000001,14555.9477,14814.073069999999,15040.848219999998,14510.1437,15027.66949,15574.44144,16024.03402,16195.468209999999,16832.69865,17199.91102,17553.37684,17270.3287,17137.5585,17669.3199,18191.164569999997,18690.43658,19183.14039,19709.6605,20387.77284,21154.75805,21708.03726,21824.086069999998,22402.991019999998,22825.57102,23498.26199,23929.1644,24295.08138,24765.5489,25190.72063,25007.69776,25190.83986,25306.824940000002
14,Austria,7434.183717,7802.972545999999,7960.70727,8237.060529,8683.454516,8927.460698,9365.306134,9575.183558,9951.607179999999,10539.697,11085.10449,11600.22295,12248.95167,12776.99245,13258.09388,13244.96435,13875.870980000002,14575.166009999999,14556.243030000001,15362.14184,15628.118530000002,15565.82167,15867.50615,16365.68683,16375.10914,16776.39194,17151.57949,17373.35717,17920.573940000002,18533.4758,19192.07172,19655.36566,19847.22018,19787.9258,20185.41806,20692.25631,21174.05212,21638.4083,22432.91072,23181.69316,23974.18307,24087.35538,24375.11384,24466.7063,24945.047769999997,25370.46587,26171.69091,27036.48733,27305.92329,26183.9976,26642.99386,27266.40335
16,Bahamas,11926.46097,12558.29581,13186.10406,13858.51689,14584.42775,15374.335830000002,16045.5276,16866.147,17592.5456,18516.80315,16944.177059999998,16773.32431,15825.016109999999,16681.08272,13616.133880000001,11368.411979999999,11708.975690000001,12508.23765,13971.07784,17236.66283,17954.41744,15939.86648,16632.42252,16855.9741,18841.51612,19359.4995,19341.590509999998,19571.05278,19685.36145,20653.8658,19970.50833,18789.34949,17736.281590000002,17466.21081,17707.13476,18195.24765,18702.81496,18853.24266,19514.56795,20665.69366,21258.29243,21530.3738,21809.34718,21228.07569,21106.720080000003,21507.71526,21728.708880000002,21721.61841,20911.599430000002,19619.12136,19395.152309999998,19466.99052
18,Bangladesh,254.82507909999998,262.7656347,269.5320729,260.9298963,281.2643859,277.2733108,275.38706410000003,261.36778680000003,277.1832628,272.977664,282.2545184,262.98157799999996,224.2091077,230.0809801,249.85177000000002,236.1923411,244.46651129999998,244.6789824,254.5800293,259.0515444,253.78228149999998,256.250629,255.3386127,258.5983764,264.82342459999995,266.086821,269.9559196000001,272.5475672,271.1057719,271.0917122,280.17368369999997,282.7790405,290.4082118,297.1685013,302.8187236,311.16657050000003,318.92046919999996,329.396045,339.8583201,349.6507414,363.6399273,375.99346010000005,385.8060432,399.39595660000003,417.9536838,436.68818339999996,459.86251389999995,483.970868,508.5557725,532.0769985000001,558.062385,588.3691778
21,Belgium,7454.716536,7799.889081,8173.818456,8465.979625,8969.632551,9205.035593,9431.614088,9742.06281,10110.80421,10750.64458,11360.197470000001,11791.48609,12367.39264,13115.30933,13670.97581,13363.53885,14093.74132,14164.4889,14553.444330000002,14880.769859999999,15524.959640000001,15482.00925,15578.35832,15628.179830000001,16013.871030000002,16273.53897,16564.26086,16931.900980000002,17675.34605,18222.22107,18737.95878,19010.66574,19223.50264,18964.369919999997,19516.103880000002,19939.71072,20184.3295,20887.6142,21245.09101,21946.74568,22697.0123,22801.776719999998,23008.449940000002,23097.21262,23750.45981,24033.7833,24512.41314,25034.66692,25082.37413,24190.59495,24550.39655,24733.626959999998
22,Belize,950.4240053999999,963.1137622000001,974.7707239,987.4708188,1003.121064,1021.893592,1042.512127,1067.775051,1122.141798,1157.371743,1193.0289070000001,1222.444067,1331.030169,1385.884945,1552.024006,1579.640919,1546.192084,1606.723937,1688.0988309999998,1765.4842609999998,1979.799676,1953.271048,1897.6620510000002,1820.56843,1798.958544,1772.0123030000002,1807.394307,1955.036382,2080.996636,2309.739636,2476.8175300000003,2666.273839,2912.125313,3004.324132,2923.5031510000003,2867.582161,2836.493237,2834.8938,2836.1323199999997,3026.777086,3329.6637309999996,3392.853836,3459.62445,3664.6516119999997,3713.233789,3705.052686,3754.1228619999997,3680.916429,3684.074728,3561.3459479999997,3542.364501,3490.2340689999996
23,Benin,256.9787667,261.6472216,249.2125313,257.2048648,270.1229417,279.8908938,285.0989908,283.21829019999996,288.8375829,291.5970238,291.9012234,281.6793946,293.4453711,297.66202089999996,300.65560919999996,279.29244439999997,275.03898480000004,281.68638439999995,278.09337539999996,288.7172336,300.29989869999997,321.458628,319.7920397,297.564224,312.4100267,326.807709,324.9290704,311.49283189999994,313.30092310000003,295.61374680000006,295.7832851,299.64818080000003,301.0323793,300.8931358,303.56893189999994,307.5482248,315.08362919999996,325.1775008,330.7403465,336.71468070000003,345.9503552,352.2484617,356.6052314,358.774753,358.2463984,357.2500703,360.6554107,366.0449665,373.5066867,376.6216226,377.04430069999995,378.0517915
26,Bolivia,894.7569722000001,893.3265411,922.3160646,959.8083684000001,983.4093688999999,1015.3871119999999,1056.8983779999999,1104.197533,947.5543564,954.1823888,927.0982228,950.8161381000001,1001.882651,1033.808585,1038.5649640000001,1087.833428,1110.981636,1138.685796,1134.997316,1110.593247,1071.001324,1050.716165,987.9825055,928.2277924000001,906.9457718,872.8099104,832.053422,834.0204578,839.410684,851.8226268999999,871.2260773,896.1970646,890.0104186000001,906.681968,927.4283663999998,949.1547026000001,968.9310379000001,995.2108348999999,1023.3774960000001,1006.5864849999999,1010.907367,1007.3793099999999,1012.1262119999999,1019.6102710000001,1042.414432,1069.018333,1101.0384609999999,1132.21388,1182.4646380000001,1202.780485,1232.688733,1276.128614
28,Botswana,237.52222450000002,246.6840088,256.71205249999997,265.0096909,275.6701492,283.7750518,293.3059905,301.6646926,323.5715454,361.0907543,409.659702,499.0292165,610.1757486,715.5730996,751.6763231000001,785.8981006,837.1544895,901.8601470000001,991.4533823999999,1069.781058,1153.968083,1213.88156,1314.693598,1437.677432,1509.20752,1564.3079970000001,1638.161391,1775.485706,2055.763766,2254.251209,2335.83437,2437.414831,2437.701909,2416.589463,2438.874824,2483.293334,2559.7176719999998,2757.478268,2986.0091079999997,3078.1016809999996,3204.115483,3268.358809,3516.207918,3691.8827990000004,3865.8616380000003,3880.266895,4025.39536,4160.662597,4223.234151,3965.1889659999997,4189.686702,4377.555740999999
29,Brazil,1447.843809,1549.414547,1581.625423,1548.1347150000001,1555.615761,1558.148565,1578.920249,1613.136923,1751.7155239999997,1874.410695,1988.9215239999999,2160.353035,2363.511202,2630.91785,2802.016266,2879.313472,3087.582868,3154.7205519999998,3181.061433,3317.535959,3536.0458700000004,3302.639357,3245.573152,3064.153633,3154.965632,3333.999635,3527.761242,3584.0740159999996,3513.9994869999996,3564.6361890000003,3352.965403,3347.811473,3279.686396,3380.128392,3506.544107,3606.005917,3627.626996,3693.2758200000003,3639.1816729999996,3594.8698200000003,3696.146772,3692.8401770000005,3739.919389,3733.9924189999997,3899.255355,3976.619168,4090.555803,4297.823854,4478.809189,4424.758692,4716.614125,4803.398244
33,Burkina Faso,122.20783700000001,125.2266781,130.8849269,127.2294692,128.0496273,130.64000259999997,129.0297617,137.84095630000002,139.3893316,139.47578159999998,136.9204136,136.1258478,136.49920680000002,134.3381165,142.465397,143.6351636,152.52330869999997,149.7079159,153.0765216,155.037476,152.61016669999998,155.3058983,166.0239938,162.4890534,155.6079769,164.58767230000004,173.1336221,168.2577106,173.36239740000002,172.4278113,166.8412774,177.11026809999998,172.745855,173.89084269999998,171.3942466,176.2585051,190.33202260000002,196.8145029,205.38979430000003,214.4962792,212.3753864,220.14794069999996,223.99523219999998,235.14602319999997,239.0119506,252.21471929999998,261.4805054,263.01492709999997,270.1248597,269.9706467,282.6969373,285.8030263
34,Burundi,116.0098612,98.311239,105.37297120000001,107.8375504,112.58148999999999,114.9206456,117.9242338,131.5715697,128.6699887,124.65000690000001,149.15308000000002,151.6801577,140.88225490000002,149.5418861,147.1445375,146.3148368,155.3174989,169.6562102,164.1488202,162.5554908,159.56320259999998,173.6195409,166.386831,166.9876384,161.81153909999998,175.0783178,175.0800362,179.0586489,182.5993009,180.11128440000002,181.9453709,186.95484319999997,185.2494132,170.8145217,161.983591,147.44836980000002,134.4704068,131.4495757,136.7637062,134.08651709999998,131.0463341,131.16202959999998,133.7748047,128.6077932,130.9790183,128.2961159,131.1716587,133.286878,135.862446,136.6612801,138.2482379,140.8125043
36,Cameroon,469.2004319,464.75324720000003,468.52385669999995,475.28233439999997,481.0087671,479.45590020000003,489.82997350000005,425.96217120000006,441.9764664,452.14527460000005,454.34434810000005,458.0784442,458.0538316000001,469.7204383,505.8821893,546.8745512,501.78142460000004,553.7315707,655.2676465,674.0747579,641.4318341,729.4355952999999,762.1234023,791.6323342999999,826.8077331000001,867.9212259,899.8275579,854.8123204,764.9579675,729.3669957999999,665.4106421,622.2354313999999,586.4431124,552.4920757,524.6822672000001,528.3640454,541.3029119,555.517306,570.0967274000001,581.6360839,592.3720003,605.161077,615.2922428999999,625.7819278,634.5093706,634.7228137999999,640.7628162999999,647.9445442000001,650.0360972,648.4856617,653.0286932,665.7982327999999
37,Canada,9374.882816,9479.824031999999,9967.365638,10290.362,10774.65331,11283.606109999999,11804.66776,11932.165009999999,12362.93157,12837.46788,12986.312409999999,13320.194959999999,13823.29238,14537.589530000001,14806.312590000001,14793.714740000001,15358.40595,15703.903390000001,16161.76834,16610.16721,16751.338780000002,17124.39055,16435.465509999998,16713.69949,17516.239990000002,18183.733519999998,18437.71141,18971.40746,19659.67026,19817.99342,19561.87934,18893.804969999997,18826.65615,19057.23091,19781.71278,20169.538969999998,20276.45211,20911.11206,21580.31775,22586.44127,23559.50369,23738.89538,24214.92928,24425.87539,24936.82539,25437.65134,25943.73602,26229.74308,26101.764069999997,25069.86915,25575.21698,25933.28833
40,Central African Republic,355.8227575,367.1653474,347.3010458,338.5146939,338.9837336,335.4894692,330.82318019999997,339.1045646,336.6768872,353.1305226,354.1439659,351.2215257,344.5742119,344.4342887,359.1182027,353.17713849999996,364.3967639,369.8758014,365.62249130000004,347.7575978,323.3966171,309.4026908,323.40401560000004,288.28195869999996,306.6463819,310.338116,313.84129269999994,291.89007050000004,290.7425203,290.21256850000003,277.5680849,269.3737568,245.72741269999997,240.249786,245.6903838,257.0281895,241.0434361,248.1671687,254.31431580000003,258.1975432,247.02818440000001,244.19194559999997,238.7862042,218.3631403,217.07552760000002,218.6561387,223.09745279999999,227.270618,227.60298959999997,227.1749071,229.5813971,232.62325299999998
41,Chad,253.9441747,252.09369390000003,259.9471639,250.30505899999997,238.81614810000002,235.20168030000002,226.17652280000001,223.26321119999997,217.6832943,227.7435682,226.86245899999997,216.6275841,213.86118280000002,191.2121433,196.012722,208.9584178,210.73174730000002,211.18476569999996,206.1136326,158.7065245,145.9974612,144.2875656,148.52370380000002,167.6670557,166.72075619999998,197.5315344,183.9986147,174.1621285,194.87451030000003,198.03532009999998,183.94412169999998,193.63506669999998,202.9054101,165.9573803,177.3187634,174.0664733,172.47503830000002,176.61103380000003,182.96235330000002,175.83318119999998,168.44999769999998,181.56048810000001,189.99011389999998,210.27628309999997,271.4740773,308.4009003,299.8800932,292.14346489999997,283.27502749999996,272.62550269999997,300.1061535,301.4017086
43,Chile,1841.080148,1867.609086,1915.332698,1982.2304120000001,1986.327014,1948.8318379999998,2096.9231489999997,2128.0540260000002,2163.994925,2196.266535,2201.351475,2356.71427,2296.669104,2146.52576,2164.774047,1889.540331,1925.67926,2064.235739,2188.198883,2345.43174,2500.267727,2579.571319,2277.3884359999997,2156.144227,2290.183269,2412.896975,2505.825152,2626.6290120000003,2771.190084,3011.177964,3067.65058,3252.58105,3585.4357579999996,3766.798632,3912.849555,4258.237391,4504.721321,4734.56415,4822.819463,4984.1018,5144.5892539999995,5254.015345000001,5306.721216,5455.9267469999995,5723.6901450000005,5979.068028,6190.109402,6410.806732,6581.357952,6451.631126,6781.696484,7122.938458
44,China,105.4589882,77.66230912,72.32492731,77.86736518,88.13005164,100.1375243,107.80508400000001,99.08012306,92.5691207,105.28850800000001,122.29015459999998,127.30503159999999,128.9349799,135.98015800000002,136.2632825,145.5248126,140.9977374,149.66006819999998,164.94815419999998,175.1324228,186.4396607,193.638156,208.1708635,227.5496401,258.7202307,289.6759682,310.51434700000004,341.0212935,373.49450079999997,382.8921553,391.65295289999995,421.8891748,475.92886969999995,536.3572647,599.8022804999999,657.9926002000001,716.2451166000001,774.884634,827.348598,882.5523218000001,949.1780620999999,1020.519994,1105.952557,1208.993961,1323.2199289999999,1464.1076269999999,1640.861518,1864.102702,2032.61498,2208.403948,2426.332466,2639.54156
47,Colombia,1188.253526,1214.201104,1243.083903,1241.813008,1285.297176,1285.785092,1315.352957,1331.512772,1377.663134,1428.128215,1488.3483720000002,1538.5579779999998,1618.114933,1688.037913,1745.0770870000001,1744.171693,1786.679892,1818.353465,1927.2466980000002,1984.909177,2019.85473,2019.6684670000002,1993.949996,1981.468562,2003.9920129999998,2022.211966,2095.750242,2163.121139,2205.628897,2235.8665309999997,2324.843633,2332.361881,2403.772309,2415.206674,2509.6157329999996,2592.710818,2599.008309,2641.021632,2610.185487,2458.021358,2511.9746649999997,2512.519737,2534.3331,2592.376265,2688.5084260000003,2772.214728,2913.479828,3068.477266,3131.177668,3137.6953350000003,3218.071704,3362.4656
49,"Congo, Dem. Rep.",324.9031665,282.3016962,333.4012713,341.6803309,324.49323169999997,318.80162889999997,330.87698389999997,318.2577461,322.4802977,342.4621165,331.9720608,342.14795519999996,333.2914795,350.5757016,351.55840730000006,324.62015269999995,298.49290560000003,291.9024413,268.1384038,261.47155530000003,259.6661311,258.4765423,250.3526378,247.05085970000002,253.5984241,247.5906962,251.8107432,250.98229359999996,244.4555462,233.44093219999996,210.3888534,185.29209219999998,159.1615195,132.2328365,122.40251869999999,119.2955513,114.8746659,105.91015279999999,101.9813238,95.49727676,86.75450673,82.66194432,83.08185929,85.28262483,88.24305276,92.36725616,94.76973518,97.91018296,101.1038512,101.1690067,105.5317381,109.80929809999999
50,"Congo, Rep.",617.7375477,652.3448467999999,668.5166302,624.6798627999999,631.1931315,636.697444,627.7325227000001,623.3533086,652.1780312000001,681.4274455,703.6692453,735.6879567000001,774.9592117999999,813.2939077999999,850.9967104,889.5986098999999,871.6164100999999,770.8280934999999,796.5388242,849.7890311000001,970.9736321,1108.999004,1330.854746,1367.905967,1421.332509,1364.792651,1235.794962,1204.1541439999999,1192.17118,1190.261643,1170.024588,1166.299382,1165.298657,1123.5342,1033.593241,1045.775938,1060.600119,1024.542516,1033.349474,979.6144362,1026.831555,1040.1518210000002,1062.807865,1047.17437,1058.23658,1112.0991800000002,1150.392879,1101.219981,1130.542842,1182.5792490000001,1253.804149,1266.356056
52,Costa Rica,1797.966457,1719.6627989999997,1795.492989,1817.026278,1829.666748,1945.901543,2035.7138699999998,2088.610594,2201.295313,2262.9286399999996,2371.559757,2471.677527,2612.3581649999996,2749.9661760000004,2835.318007,2825.086163,2905.862294,3082.039196,3187.500849,3254.090647,3189.039826,3031.481706,2733.293317,2734.286881,2824.580879,2776.893983,2859.065496,2974.959654,3008.202118,3079.734066,3119.632564,3121.370058,3325.26772,3486.846918,3564.271599,3613.881003,3555.542499,3660.070068,3869.5233909999997,4088.304414,4068.8213509999996,4026.557239,4061.980725,4241.887772,4344.084202,4521.011952000001,4836.674305,5137.485256,5196.689144,5066.9660030000005,5226.566178,5367.799878
53,Cote d'Ivoire,550.6903451000001,583.0865459,567.7902655,624.8449296,706.2150807999999,657.589154,705.2405258,708.9933711,766.6051008999999,806.0106232999999,852.9255887,894.1228027000001,891.8858825,903.5532122999999,900.9366863,931.7505002999999,1004.8938390000001,1029.964383,1091.200333,1067.713471,909.0070675000001,900.0737956,863.4311610999999,795.2365324,742.6592873,746.1494782999999,742.0833526,713.4016106,696.8595184999999,693.3078299,662.8675347,641.2072899,618.8025745,598.018497,584.5253864,608.1200345,637.2058658,656.158427,670.6147102000001,665.9728897000001,628.2281148,616.5235813999999,597.5229751,578.9671333,580.1682887999999,578.0306074,572.2971337,572.0962695000001,574.9350967,585.3044892999999,587.5445423,548.2314368
59,Denmark,11390.66975,12032.9604,12616.25178,12596.998109999999,13655.160969999999,14166.36717,14438.2478,14815.00155,15310.39116,16188.618380000002,16392.96976,16768.1407,17368.578719999998,17912.89592,17684.206280000002,17417.91937,18432.89087,18739.197480000003,19105.99455,19811.98194,19691.43009,19522.33061,20262.27005,20813.88373,21692.26082,22556.1085,23640.82914,23679.3603,23634.090959999998,23755.23628,24097.907919999998,24348.014030000002,24747.03263,24642.62019,25916.55271,26572.14846,27171.14342,27923.916530000002,28423.78832,29055.2665,29980.155469999998,30083.47866,30127.21553,30160.70124,30773.705789999996,31439.4391,32400.060610000004,32767.403489999997,32320.100539999996,30326.03845,30667.82486,30860.128080000002
62,Dominican Republic,912.4695380000001,862.0671954,976.1887011,1006.2823380000001,1040.433898,882.3763529999999,970.8211926000001,973.3613108999999,947.3642212000001,1020.714367,1173.235604,1265.428417,1359.811412,1495.254444,1544.7331,1584.6242949999998,1650.2463810000002,1691.3833100000002,1687.350003,1723.218943,1818.071861,1852.916846,1842.044397,1884.4215219999999,1866.1361760000002,1787.020966,1810.591866,1952.0257960000001,1952.993597,1997.4921559999998,1850.6950129999998,1831.2213170000002,1984.325734,2087.090711,2095.655843,2171.3011260000003,2286.158872,2428.195275,2556.581423,2685.208326,2792.917696,2799.6899550000003,2916.7833539999997,2865.84728,2860.6519670000002,3080.315496,3360.408656,3594.073251,3730.9098520000002,3807.8097869999997,4049.039107,4176.344375
64,Ecuador,820.3111138999999,809.1023901000001,821.4686779,828.3676654,866.8567408,868.0489096000001,841.74306,874.104975,868.1510178999999,888.625552,928.3897199999999,959.7221622000002,974.8998795,1099.971893,1157.883922,1218.663667,1274.6352869999998,1267.456077,1315.911457,1346.169969,1367.5172949999999,1375.3147099999999,1331.018709,1263.228995,1277.740533,1281.5258529999999,1300.342865,1241.260481,1312.8643880000002,1294.739605,1299.211204,1336.352827,1327.249289,1303.469895,1337.833423,1336.079949,1344.5867640000001,1376.5161890000002,1383.787635,1276.486467,1291.341613,1337.822903,1382.484605,1403.492992,1501.7968970000002,1562.326863,1610.967343,1618.868002,1710.5330600000002,1692.0671969999999,1728.052156,1837.008584
65,Egypt,430.3645317,437.60678139999993,455.52968020000003,484.0453141,510.1450158,543.1555139,535.1545222,525.1453069,526.2595801,548.6990767000001,565.9760672,572.2625856000001,571.0375231,562.6074103999999,564.1245673,601.1673142000001,673.9667707,743.659362,769.0496151000001,796.9975534,856.6007894999999,868.0588617000001,931.6261342,976.887535,1011.7385619999999,1052.846372,1054.8880199999999,1055.697719,1085.7776820000001,1114.5132039999999,1153.6845130000002,1143.81312,1173.2100699999999,1186.8057310000002,1213.50565,1248.732698,1289.080933,1337.008939,1367.3426470000002,1425.764651,1475.84441,1500.522743,1507.929351,1527.274258,1560.38394,1600.321838,1678.954796,1765.8694269999999,1858.8584469999998,1911.9645010000002,1975.5500309999998,1976.61483
66,El Salvador,1448.829523,1454.729423,1577.796759,1593.710424,1687.875405,1724.391115,1793.604789,1837.394948,1844.4991710000002,1857.145497,1861.494075,1882.6389829999998,1946.632419,1990.629,2047.066605,2059.498059,2117.436716,2215.468043,2289.138261,2154.459307,1869.2777190000002,1648.0112880000001,1521.744682,1523.92489,1523.853512,1513.302416,1496.867323,1515.347176,1524.364234,1518.811516,1570.04653,1602.0189369999998,1696.185962,1793.288017,1875.000075,1970.700359,1984.250943,2051.604252,2114.407971,2175.120985,2211.022459,2239.118645,2283.020652,2327.644216,2362.747667,2438.1436510000003,2523.5235989999996,2609.089915,2629.9379050000002,2534.8059719999997,2555.8876760000003,2579.115607
74,Fiji,1111.127298,1111.307361,1111.981625,1143.006627,1160.8366720000001,1096.771451,1068.1073039999999,1181.964972,1247.457107,1252.78439,1382.425191,1446.874725,1523.047912,1665.25019,1674.483756,1650.642614,1664.2582519999999,1730.8980789999998,1731.0676600000002,1904.582607,1833.577106,1902.596845,1742.666086,1631.653204,1730.791377,1624.8009439999998,1734.075224,1612.4048779999998,1625.302029,1742.222474,1833.184364,1767.017449,1851.8009920000002,1864.7292739999998,1932.331798,1955.2938570000001,2025.48405,1959.8145969999998,1966.6464059999998,2123.15951,2074.747318,2108.289279,2171.607378,2190.631908,2301.770481,2308.1582559999997,2335.321253,2295.4383,2296.09836,2243.819037,2218.146955,2242.6892589999998
75,Finland,7306.041153,7806.356306999999,7984.657276000001,8188.862679999999,8570.042186,8994.464023,9173.440093000001,9321.777268,9493.764637,10410.56839,11007.46695,11252.69389,12051.20233,12819.82547,13165.63493,13343.90089,13349.55224,13344.14487,13694.37881,14632.237619999998,15372.87969,15504.385059999999,15887.87324,16271.03092,16687.272390000002,17166.60394,17562.96619,18124.432269999998,19015.40367,19908.95772,19921.02316,18623.78039,17874.02535,17643.54519,18209.5322,18858.96271,19468.15567,20614.91289,21594.65366,22386.629569999997,23529.53846,24012.15877,24393.37625,24825.009019999998,25774.064769999997,26435.02344,27495.241360000004,28839.222410000002,28789.54385,26205.688319999997,26953.22055,27570.4852
76,France,7499.89477,7809.490515,8215.264936,8534.028484,8970.918377,9289.066363,9674.399361,10039.633020000001,10386.019690000001,11029.2372,11572.96622,12093.53183,12540.90377,13265.17128,13787.34561,13546.39505,14065.37599,14502.013340000001,15005.481419999998,15459.34685,15641.97106,15716.904730000002,16011.14006,16117.640769999998,16265.1401,16432.99036,16708.21534,17009.831319999998,17704.04983,18346.291540000002,18731.66202,18836.73334,19029.93463,18822.69755,19166.19677,19478.17581,19606.05309,19952.905909999998,20539.070069999998,21146.39522,21774.99299,22014.02474,22057.63515,22098.99175,22495.24481,22734.23332,23133.351130000003,23516.223169999997,23366.402619999997,22508.762609999998,22758.154130000003,23016.84778
79,Gabon,1826.7065149999999,2085.026645,2226.70799,2346.713944,2436.3603420000004,2619.837439,2716.908529,2805.3725719999998,2847.887683,3040.434834,3253.2364239999997,3519.1757439999997,3832.3481130000005,4120.788926,5602.709201,6506.0995490000005,8594.751908,7315.2647640000005,5406.896618,5283.2843649999995,5265.343122,5373.963444,5054.612032999999,5179.043572,5400.012659,5113.415634,4917.137281,3949.0786869999997,4318.828219,4541.664387,4626.781529,4753.106746,4459.123397,4489.095839,4513.865843,4600.584293999999,4635.670938,4772.778502,4814.998402,4279.795895,4102.624602000001,4097.561424,3999.953933,4015.10733,3988.362889,4029.2652659999994,3999.6422159999997,4143.33458,4161.431603,4027.567353,4213.881563,4333.8110369999995
83,Ghana,282.10844480000003,282.7155827,285.2639975,288.9737213,287.166739,283.7498731,265.58513930000004,268.2539825,264.0484527,274.1859812,293.9963513,301.3660271,285.64613110000005,285.5432776,297.0348396,254.067206,240.3416727,241.70664010000002,257.91616170000003,246.64448169999997,241.9462395,226.75890890000002,204.1828801,188.1486653,197.4867748,200.93644550000002,205.1677706,209.06568169999997,214.965181,219.90760079999998,221.0716696,226.2823318,228.45879680000004,232.8512761,234.0064503,237.2935875,242.05829590000002,246.197848,251.76529130000003,256.7399526,259.9906944,263.9615458,269.22855530000004,276.4051992,284.8491549,294.40801689999995,305.75110710000007,317.7363633,336.35184019999997,341.55229069999996,360.32405839999996,402.6953275
85,Greece,3385.660177,3733.425554,3768.161489,4134.740524,4459.999589,4856.142572,5114.437182,5351.024542,5670.613211,6209.257195,6687.9428689999995,7181.133651,7859.491655,8457.018022,7883.455787999999,8307.03835,8739.426525,8880.15771,9401.003118999999,9589.254221,9559.824869,9327.285855,9164.967531999999,9013.52541,9149.059234999999,9342.314356,9359.666587,9117.707644,9474.189704,9783.022670999999,9718.099838,9922.266946,9882.290356,9635.288190000001,9746.499079000001,9875.024813,10037.32849,10337.45326,10627.603070000001,10942.8272,11396.23262,11839.32069,12204.5999,12887.77317,13404.22954,13657.709340000001,14352.83954,14801.554230000002,14711.610490000001,14192.631809999999,13452.023769999998,12509.01415
90,Guatemala,959.1565444,973.5530309000001,980.9607828,1045.780232,1064.99125,1081.8220529999999,1111.158861,1126.266809,1192.632451,1216.018158,1251.193519,1285.644381,1342.824296,1395.616548,1445.6828779999998,1436.25422,1504.1529699999999,1582.4607119999998,1621.9921550000001,1658.0177199999998,1679.022441,1648.771399,1551.586192,1474.67823,1446.19155,1403.3378380000001,1372.783244,1389.066041,1410.617694,1433.244704,1444.309237,1463.048748,1498.704836,1521.8256609999999,1547.027574,1586.721932,1596.86309,1629.173165,1671.980828,1696.565649,1716.6853420000002,1714.683402,1737.5603820000001,1737.621098,1748.1496719999998,1760.799855,1810.2953350000003,1877.7514670000003,1892.332607,1855.8228510000001,1862.6672600000002,1886.4236230000001
97,Honduras,751.1958003,740.4833938999999,757.5058707000001,759.0883892,775.0718447,819.9772274000001,839.8600817,866.3601398,899.6228018999999,882.0558597000002,889.8391723,900.2990729,925.8773322999999,970.5612798000001,930.9701246,922.7347217,988.8465716,1057.960724,1127.6700130000002,1143.610715,1115.742058,1109.06402,1060.542573,1019.2049310000001,1031.7654810000001,1043.066727,1019.630039,1049.573531,1066.315103,1080.878053,1051.785919,1056.27818,1085.763354,1123.3052630000002,1080.7706150000001,1097.567524,1110.825551,1140.514876,1148.533494,1103.3045359999999,1142.709658,1149.949244,1169.130507,1197.914769,1247.323449,1296.624177,1354.497039,1409.9790460000002,1440.680055,1382.131613,1392.315832,1414.072488
99,Hungary,1050.369965,1094.7641859999999,1157.802986,1220.617782,1273.9598310000001,1809.227744,1937.2465140000002,2074.804117,2168.148235,2308.093923,2407.4140429999998,2549.367584,2696.8277,2873.632814,3029.624936,3198.595902,3295.563753,3529.59064,3672.2044539999997,3764.543507,3769.618011,3877.420533,3989.9329399999997,4024.821175,4140.078767,4137.117969,4207.792111,4385.612264,4389.472796,4470.213772,4358.704324,3840.58311,3724.358018,3707.1267090000006,3821.609021,3883.936315,3896.872814,4026.839407,4200.633731,4347.253839,4542.72072,4722.17501,4949.033726,5154.335096,5413.572662,5639.394595000001,5868.3017,5884.1409619999995,5947.158309,5551.426337,5633.99099,5745.981529
100,Iceland,10109.90857,9906.407934,10532.9637,11411.195459999999,12321.77975,13002.84732,13901.350059999999,13505.512659999999,12592.68463,12772.47105,13653.09117,15311.96879,16021.595280000001,16855.72945,17578.132380000003,17466.894330000003,18324.9638,19793.74323,20821.520419999997,21620.97236,22622.9028,23320.26153,23506.41371,22698.21981,23385.39562,23965.92239,25282.8164,27144.43317,26698.62716,26438.181940000002,26540.14492,26175.6408,24976.65735,25048.7155,25728.693059999998,25619.3342,26700.68499,27783.99974,29224.42406,30055.272610000004,30928.675639999998,31717.14596,31478.9822,32022.78398,34230.18336,36128.59244,36952.19207,38185.33368,37927.11904,35310.97441,33943.11853,34706.19047
101,India,180.96173249999998,183.9582104,185.53868500000002,192.6580747,202.7516446,193.2870608,189.098343,199.53856100000002,201.8329124,210.3124294,216.2357161,214.83224769999998,208.773044,210.69156490000003,208.2487865,222.00893050000002,220.4232043,230.8738185,238.3482577,220.5985478,230.0085355,238.2305665,240.9096787,252.6516943,256.45344,263.96052050000003,270.5132774,275.1513877,295.1969968,306.17172880000004,316.42857789999994,313.2745132,323.8575014,332.60568489999997,347.951035,367.2771625,387.74152139999995,396.1844388,413.2870519,440.56930930000004,450.41510610000006,464.9742607,475.45705810000004,505.24893629999997,536.60488,577.6567292999999,621.8994138999999,673.004691,689.2731963,735.6318542,794.801256,837.7464011
102,Indonesia,200.6481494,207.7479244,206.54965249999998,196.92908480000003,198.66879440000002,195.5284399,196.032651,193.22306740000002,210.99327630000002,221.034814,233.02970530000002,243.0840361,255.71201800000003,273.7744487,289.129702,299.5848317,309.9524087,328.80884910000003,350.75379879999997,367.0258703,390.0096519,412.341375,407.6896902,432.57699569999994,453.85970539999994,460.11058319999995,478.0198529,493.8647534,515.6944955,552.6368974,592.0960703,634.2710005,669.1430377,706.5088043,748.3235142999999,799.3099302999999,848.2471059000001,875.959217,750.8111959,746.7927777000001,773.3109699,791.0764547,816.0164079,844.1834857000001,875.7291575999999,914.5999046000001,953.9355312000001,1003.364434,1052.433389,1089.7240140000001,1145.385435,1206.991065
107,Israel,5824.524407,6266.688146,6578.003328,7018.341616,7281.567131999999,7671.003554999999,7472.469875,7371.037776,8390.943579,9284.130405,9637.613753,10387.552,11510.28914,11423.288690000001,11846.87948,11963.669679999999,11853.48997,11590.1034,11895.4078,12322.42677,12856.71785,13252.0195,13240.70242,13458.49244,13403.80135,13623.54055,14057.12776,14826.0989,14877.61551,14754.48205,15282.68784,15498.205119999999,15814.39991,16255.31103,16937.80936,17568.403980000003,18054.29086,18202.49628,18523.47738,18663.73882,19859.30215,19353.344540000002,18858.29173,18800.926519999997,19366.33583,19967.980880000003,20715.56805,21469.534509999998,21941.10572,21602.21001,22239.05126,22859.675890000002
108,Italy,5847.458177,6285.223388,6630.123624,6951.157690000001,7087.089853,7257.325021,7632.105135,8120.993184,8597.987401,9070.806162,9502.123866,9629.859059,9928.720744,10564.338179999999,11072.695590000001,10776.70208,11487.13673,11731.33344,12068.36719,12750.61902,13160.82813,13256.0115,13300.9792,13451.61161,13882.43755,14266.75637,14673.98195,15140.82445,15768.266590000001,16290.33214,16599.92009,16843.63607,16972.62591,16817.59766,17175.84873,17671.40672,17866.89937,18190.671140000002,18448.79289,18713.35397,19388.27875,19737.240690000002,19763.83911,19601.255240000002,19744.88756,19781.95853,20102.23023,20291.22664,19903.45694,18697.21979,18944.41381,18937.24998
110,Japan,7774.710215000001,8486.966472,9157.323309000001,9832.730383,10867.049140000001,11376.55711,12472.45608,13726.06266,15442.80396,17014.33887,16650.83844,17210.26629,18398.72118,19712.75463,19103.05411,19380.835430000003,20002.7279,20680.65741,21574.81726,22567.07906,23021.72563,23806.76747,24444.20174,25021.26962,25972.89455,27449.51885,28055.1738,29064.222360000003,31008.77531,32540.501689999997,34236.71426,35265.24153,35465.92544,35439.01601,35623.48851,36177.03484,37026.22945,37518.58086,36674.24535,36531.78124,37291.70616,37342.14473,37363.28744,37911.68993,38793.6216,39295.3062,39965.85551,40837.266639999994,40433.00131,38242.02429,39971.78745,39578.07441
114,Kenya,261.1191796,233.445243,247.6010858,260.8877882,265.1565152,261.817474,290.66128080000004,290.609508,303.417313,316.5516113,291.4949966,343.75795350000004,388.3013099,396.5401823,397.8140903,386.7765217,380.7139978,401.46291160000004,413.4326729,428.4491671,435.5557893999999,435.07805549999995,425.09375839999996,414.5926945,406.2731223,408.2825798,421.86522970000004,431.1219088,441.97937699999994,446.96137360000006,450.17182130000003,441.7092364,424.1409301,412.3969705,410.60190639999996,416.4573819,421.9441966,412.9163069,415.70716780000004,414.60006269999997,406.5230596,411.07133210000006,402.6288259,403.67888589999995,413.3182833,426.5174886,442.0213127,461.01937469999996,456.2504868,456.7715432,470.5770914,478.21949060000003
117,South Korea,1153.709962,1180.010131,1176.478292,1255.2371289999999,1316.348846,1351.0306130000001,1486.771804,1541.54643,1683.8209579999998,1879.800029,1993.6482989999997,2113.436576,2163.408605,2375.9615489999996,2497.228577,2595.125258,2824.0273079999997,3058.2492620000003,3292.159773,3462.549239,3358.22902,3510.047742,3709.397546,4048.9532310000004,4323.28207,4572.112989,5011.198076,5515.285718,6044.028726,6390.012581,6895.467056,7473.611029000001,7841.154398999999,8247.876792000001,8872.010068000001,9548.014842,10119.29924,10491.08182,9701.67292,10546.812170000001,11346.664990000001,11710.57982,12478.06366,12764.271990000001,13303.82,13801.82945,14446.3586,15113.352780000001,15349.849869999998,15325.94024,16219.388069999999,16684.21278
125,Lesotho,132.2258307,132.3792823,149.9592656,162.8366572,172.96520230000002,173.3141646,169.24498400000002,183.9763249,179.6037517,178.686999,178.8732669,184.22384540000002,180.13154450000002,222.9811832,242.0865338,204.54010669999997,221.598296,263.0654634,303.12068519999997,303.652696,287.5269949,281.902671,281.54765679999997,265.6032705,286.0878672,293.51408330000004,288.8752613,262.9086977,280.7298993,294.33157420000003,307.69187989999995,309.2657103,326.1564687,330.938784,343.42387010000004,343.106329,352.3271085,357.40441339999995,369.934015,364.91954639999994,379.7756226,390.6006034,390.59984860000003,403.8157931,409.2815293,416.5360078,430.3513273,446.3204159,465.6937471,474.1677211,495.6616443,518.984126
126,Liberia,608.0254331,608.1567607000001,601.5957155,600.3673639,615.7711764999999,629.1689273,660.4532797999999,686.8898309,700.8964599999999,732.1059078,759.9507565,775.5930142000001,785.5523635,746.4991416,759.9227427,712.5492515999999,729.0347528,719.8268558999999,733.0569765,734.5005097999999,682.4003209,645.5258338,608.244717,577.91413,551.9740360000001,539.3901312,527.9864537,524.7438983,519.3949633000001,386.2721767,192.0145425,167.5149286,110.7091446,75.06432943,58.4599316,54.50519236,58.08325438,111.8601987,134.7861016,155.2565309,185.8134039,219.7689494,284.3651077,188.4030778,175.5789124,186.80107560000002,196.95099390000001,217.13652819999996,228.1123148,247.4982622,263.7055952,279.22040610000005
130,Luxembourg,13702.912,14098.6311,14116.208880000002,14450.75305,15413.83461,15127.469980000002,15185.05726,15167.997769999998,15762.37749,17249.59136,17466.693219999997,17762.36885,18706.07015,20038.46,20612.02061,19048.2948,19434.61321,19705.44245,20471.666419999998,20902.82908,21003.69501,20826.49357,21044.816609999998,21668.112240000002,22985.0677,23581.12705,25819.34721,26666.08424,28713.8011,31222.041139999998,32473.98605,34811.59628,34977.326389999995,35960.6155,36829.65055,36836.02214,36888.603930000005,38592.16632,40589.27007,43416.66048,46453.245780000005,47059.30298,48473.595460000004,48685.68121,50096.421910000005,51927.360960000005,53628.23455,56285.27685,54881.98402999999,51678.20312,52222.57667,52056.017810000005
133,Madagascar,409.11683239999996,407.6519958,406.97214249999996,393.48474389999996,399.14385889999994,387.61134849999996,385.85945810000004,397.0740148,413.53477000000004,417.99265660000003,428.65088810000003,433.7869909,416.8795563,395.0599314,392.07466719999996,386.1936065,364.0595307,362.37136380000004,343.036006,366.68586760000005,359.9436907,316.75814060000005,303.2762338,298.4251841,295.85895760000005,291.49859439999994,289.22871180000004,284.5644347,285.9508944,289.0868754,289.4941085,263.29058349999997,258.5376868,256.07212119999997,248.1562506,244.69400240000002,242.2391988,243.38220389999998,245.0811228,248.55210789999998,252.3825167,259.4294043,219.7202784,234.008294,238.99611299999998,242.61606919999997,247.3222293,255.09415209999997,265.3663611,245.94614559999997,242.6858167,238.17274819999997
134,Malawi,98.63484519,103.746162,101.9965304,98.18027624,98.36036919,109.02999840000001,120.44608980000001,126.00861029999999,120.4364023,124.13125929999998,121.2422747,136.78231780000002,140.89335269999998,139.6359764,144.9055449,148.8031497,151.131402,153.2753119,162.6546645,164.4457194,160.2232084,147.7407881,147.7910253,149.332191,152.23020259999998,152.59901619999997,144.46485780000003,138.3718826,134.67835390000002,129.9353945,132.5055352,141.0247834,129.36023600000001,141.31535630000002,126.188337,145.6410746,153.3909449,155.37389240000002,156.96576430000002,157.1518033,155.2715445,143.700152,142.3914479,146.3657361,149.4329748,149.4843299,148.25699609999998,157.62136759999999,165.6965065,175.1996212,180.9022956,182.8754793
135,Malaysia,812.6158346,846.5127064999999,871.7634759,905.7198233999999,924.6279112999999,966.2884364,1012.7661529999999,1023.951967,1077.494233,1102.056987,1139.287768,1175.357189,1254.427269,1367.7371660000001,1446.402359,1424.167388,1552.5958970000002,1635.180089,1704.361802,1820.6073149999997,1909.618067,1992.3259600000001,2057.941244,2130.4018899999996,2234.910073,2149.417362,2112.8902780000003,2162.5407149999996,2308.568393,2445.909291,2592.517053,2764.200613,2932.017288,3140.825774,3344.567799,3581.9463020000003,3842.637758,4022.843596,3636.4731020000004,3767.637015,4005.556325,3933.9350770000005,4052.8787479999996,4194.260799000001,4385.96954,4529.601248,4695.229726,4905.1213689999995,5057.826663,4901.547097,5168.686016,5345.213415
141,Mauritania,373.8768493,419.9330425,411.19768270000003,391.79900299999997,486.3427398,549.0964132,535.0665591,538.7700101,577.1833292,568.0101827000001,618.0885057,611.4916357999999,589.5397521000001,546.2434475,594.9335315000001,548.050216,577.7009671,550.5126173,532.0007718,541.5331574,543.8493166000001,546.6491043,518.7778954,523.1012913,492.28481560000006,493.3351113,507.72295189999994,503.8970039,499.3001375,509.53736739999994,487.30703930000004,482.7378614,478.45333099999993,492.6801393,464.41881050000006,495.871645,510.12003560000005,475.82487000000003,483.3906596,505.9877562,489.51164500000004,485.096439,474.3767771000001,488.4919086,502.1870326,532.3746624,616.1063541,609.9344005,615.5627258999999,593.2220962,609.1711717999999,623.3743766
144,Mexico,2455.952465,2496.598061,2531.238029,2652.4389850000002,2878.955496,2977.5413280000002,3068.06785,3156.067772,3356.690124,3373.1360240000004,3488.715018,3513.3859,3689.3305229999996,3860.864482,3963.775782,4070.8980149999998,4131.04749,4153.553172999999,4405.422665,4710.968323,5024.444802,5345.375348,5203.014886999999,4887.022553,4965.133903,4993.468346,4709.208893,4698.824757,4660.371782,4758.729024,4902.644990999999,5013.476791,5100.4504560000005,5107.364167,5242.02183,4831.8194,4994.343301,5244.289724,5413.091187,5536.469198,5816.6144810000005,5728.9676549999995,5702.903705,5709.419562,5868.919741,5982.653839,6211.927234000001,6333.082389,6327.013175,5875.619997,6124.709571,6288.25324
151,Morocco,646.0710542,613.3239655,671.5783913,685.3561316,675.3604773,669.291332,640.8286795,685.1039304999999,731.6628522000001,771.1255296,786.2575819,809.4451562999999,809.1624781,818.1892117000001,843.5957037999999,885.635467,957.5849237,990.7452581,987.7274864,1008.9077980000001,1018.716601,964.5473672,1029.264394,996.5520301000001,1013.1536050000001,1050.897032,1111.688762,1059.477547,1145.257613,1148.89678,1172.395612,1230.423823,1160.35428,1129.622983,1226.906463,1128.767079,1248.1553509999999,1203.192648,1277.778795,1267.801053,1271.811092,1351.267218,1379.685835,1450.122724,1502.883173,1530.850723,1632.1342,1658.8554,1733.5338629999999,1797.40725,1844.351028,1908.304416
156,Nepal,139.0810064,139.2022949,139.2724269,139.25919919999998,146.8740867,142.2427929,149.1698455,143.7733322,141.66850209999998,144.7873186,145.249731,140.3100327,141.4128351,137.5241699,142.870728,141.6020554,144.4023785,145.2990588,148.16497130000002,148.1351754,141.3197362,149.5294356,151.5499571,143.596151,153.8119027,159.4429257,162.82494530000002,161.71485959999998,170.07429199999999,173.2370545,176.9264061,183.6400765,186.5201625,188.9529063,199.4516947,201.29778059999998,206.82378630000002,211.9611335,213.06596069999998,217.14227540000002,225.16867850000003,230.50175750000002,225.52014440000002,229.2083438,234.78332609999998,237.1098462,241.04697969999998,244.53726129999998,254.69425499999997,261.46917990000003,269.24519,274.8728621
157,Netherlands,8562.936112000001,8476.022518000002,8927.992592,9127.678872,9751.653223000001,10450.06487,10597.29274,11031.12197,11617.6105,12222.20686,12759.17567,13154.390290000001,13348.4483,14004.21649,14486.25445,14375.36205,14945.819119999998,15142.65945,15400.55054,15603.85386,15984.146369999999,15750.465680000001,15483.87483,15744.56424,16162.331119999999,16502.21441,16868.25522,17085.26786,17559.44573,18225.89395,18858.00124,19166.32186,19346.48928,19453.72947,19909.36695,20428.58654,21027.247519999997,21814.30431,22530.81727,23429.80294,24179.73141,24460.06539,24322.98355,24289.73919,24746.84398,25194.34122,26007.67914,26968.6177,27348.474360000004,26210.30536,26501.04582,26634.86005
162,Nicaragua,1186.478944,1235.360895,1338.598294,1428.324083,1540.420451,1629.626468,1633.606596,1695.648002,1667.311201,1718.422605,1689.469718,1692.843461,1678.365249,1732.2790489999998,1918.534579,1857.936392,1896.034909,1993.383834,1782.947759,1272.9048810000002,1293.989049,1325.730988,1279.41649,1303.4672480000002,1250.989036,1171.440223,1133.6395810000001,1101.837383,944.7085245999999,909.0340455,888.0689687999999,865.7075984999999,848.1214742999999,824.4154524,832.0932981000001,862.0452469,898.118078,916.0091673000001,933.1650014,982.2554692,1006.62731,1021.348188,1015.0336070000001,1027.131293,1068.013361,1099.721345,1130.9564380000002,1172.860136,1191.478584,1158.8783130000002,1179.183343,1221.491965
163,Niger,313.91017769999996,318.89543310000005,341.53923260000005,362.82855960000006,352.629462,365.93422539999995,353.7976187,343.78560780000004,334.9259792,307.2256399,307.3022132,315.2349613,290.2173268,233.72586580000004,246.8273325,232.93696269999998,227.6638099,238.16976060000002,262.40467909999995,273.0997389,259.48514539999996,253.8362759,250.8967598,232.48240330000002,188.1170719,197.11901919999997,203.90978069999997,198.4229121,206.1466034,202.054721,193.49795759999998,192.2191654,173.9879134,170.7758392,171.746869,170.32906459999998,170.19471869999998,168.9068441,180.1044006,172.9273576,164.6489476,170.331118,169.47404450000002,172.3869354,166.66442959999998,168.1737544,171.7644805,171.42109950000003,179.83114030000002,171.996392,179.2932276,177.0587161
164,Nigeria,279.50050489999995,274.14742739999997,279.3047348,296.7226508,304.65191380000005,312.57015839999997,292.7300751,241.19666239999998,232.85887160000001,282.62251499999996,345.08309180000003,384.89924069999995,388.28998160000003,399.0930205,432.12804189999997,398.3636999,421.9079057,433.99601960000007,396.6853107,411.0679581,416.340061,352.0789347,342.3438615,316.228174,293.5968613,314.06969889999993,313.8150144,303.6635208,325.2048244,339.8176736,358.5537404,366.46130750000003,368.10389960000003,367.2846662,359.0260513,359.43154869999995,366.2201056,367.4600805,365.75255730000003,361.20193,371.7680804,374.16866380000005,370.81072919999997,399.0619903,430.5797415,442.71793130000003,458.63491730000004,476.21416600000003,492.2669892,513.5003377,540.6852114,565.9947973999999
169,Norway,10695.36321,11276.388079999999,11500.92865,11846.33136,12346.17472,12898.094159999999,13280.032720000001,13993.29207,14189.74105,14708.609069999999,14893.97936,15620.753840000001,16318.3802,16930.39991,17468.19256,18245.06453,19211.6165,19922.433419999998,20611.39113,21436.45188,22330.13757,22597.81785,22543.11642,23337.445630000002,24643.33056,25885.10626,26834.3448,27184.47301,26991.89658,27148.84541,27576.874669999997,28298.097139999998,29126.48798,29760.450119999998,31086.28675,32219.95618,33691.88676,35316.750830000004,36048.931560000005,36528.21443,37472.671669999996,38025.498999999996,38389.08411,38539.90181,39830.412039999996,40584.24403,41245.80863,41904.210210000005,41399.70903,40199.34622,39970.29253,40034.85063
170,Oman,966.5243215,955.1143718000001,1120.734575,1142.951196,1115.217277,1091.500026,1117.9447910000001,1807.059518,3191.598135,3887.369592,4282.057639,4170.299972999999,4411.610277000001,3633.406382,3876.827306,4598.218289,5264.923927000001,5038.650222,4589.886490999999,4525.908109,4535.628011,5017.774502,5294.222108,5851.689168,6490.810471,7059.81007,6901.134368999999,6411.027999,6548.382335,7050.864758,6773.154517,6893.100152,7162.823979000001,7300.882532,7343.329187,7539.618642,7677.390598000001,8112.810302,8340.057326,8342.813461,8774.93385,9369.334408,9511.05587,9404.444312,9550.963194,9723.216887,10006.30307,10392.28594,11385.6398,11191.81101,11345.42955,11701.49655
171,Pakistan,187.46512140000002,193.98646630000002,197.78402340000002,209.68071919999997,219.92297599999998,236.7000443,243.99390699999998,250.4985864,261.5648227,268.6497833,291.1318585,284.58276780000006,279.0451104,290.4239648,292.0856028,295.3833393,301.1606918,303.2928885,317.26300299999997,318.48898310000004,339.4258819,354.05019239999996,364.47332610000007,376.03405239999995,381.8105677,397.15747539999995,405.2521461,417.44098039999994,435.10886320000003,442.8610357,449.2745916,459.18336460000006,481.8264339,478.0631904,483.5766621,494.72098880000004,505.24592340000004,496.9950607,496.53189230000004,502.1246594,511.70255549999996,511.1109972,517.5966508,532.9973575,562.283992,594.766855,620.2956378,643.8585182,642.4275372999999,653.6111758999999,664.7112698,672.1547506
173,Panama,1710.511353,1840.0628199999999,1936.782734,2039.608169,2070.577235,2194.360962,2290.932004,2415.087873,2508.044703,2644.525554,2734.769954,2916.337375,2967.853799,3045.6105,3038.791358,3007.975438,2980.1181260000003,2939.522931,3147.063123,3210.478243,3170.321512,3383.8375479999995,3486.051055,3257.461907,3274.608714,3364.432072,3412.434303,3282.279914,2785.487049,2771.7546350000002,2935.477573,3146.642997,3335.373924,3445.7337049999996,3472.0190020000005,3461.541479,3487.450297,3638.829767,3828.9781020000005,3901.628204,3930.98941,3879.4056979999996,3892.880356,3983.350796,4207.060947,4431.128087,4726.880150999999,5210.719075999999,5643.895786,5767.710644,6109.58737,6654.394909000001
174,Papua New Guinea,425.55779060000003,444.16450419999995,464.1003638,474.0505374,504.66150369999997,545.0844547,564.4179825,574.2736127000001,585.2838418,618.0775402,667.3020378,689.9518224999999,708.2310232000001,732.7180686,730.2976905,703.5632174,661.1775772000001,648.9254517,685.8852249,680.0777264,646.7762937000001,627.6843086,612.9076274,615.6922815,597.3648803,605.3582071000001,618.0175167,619.7189206,622.4718967,598.9433196,566.8707368,605.8515285,672.8191718999999,775.5572225,800.9902466,754.7246551,792.0837156,741.2829595,694.6610932,689.1339987000001,654.6687817000001,637.3149128,620.410249,618.208302,619.5391243,626.3082483,627.1163522999999,656.3571364000001,683.9764815000001,705.0075736,744.2105475999999,793.197745
175,Paraguay,662.8561606000001,691.1713654,682.1858325000001,690.0390576,698.0194146000001,716.0939457000001,705.2648869,745.0518511,748.3209841,759.1165562000001,776.2301912,798.5748075,829.7939995,868.5250275000001,917.7407795,952.1043261,993.7703232999999,1074.74443,1165.951729,1263.9367960000002,1411.486717,1488.68149,1391.8857560000001,1310.305714,1311.282454,1324.274097,1286.921191,1305.470527,1350.7050390000002,1391.0256279999999,1396.742875,1394.924917,1406.982974,1426.760892,1445.128954,1488.949911,1461.484586,1472.3438230000002,1449.257221,1397.892359,1323.481934,1323.463415,1243.338276,1244.504616,1263.919877,1331.107082,1352.9756539999998,1450.184566,1483.7390710000002,1406.361701,1578.636338,1657.583233
176,Peru,1647.251268,1718.6510309999999,1808.9994920000001,1822.618041,1887.525237,1924.8199550000002,2028.185677,2046.600496,1997.4850760000002,2016.4542629999999,2075.5576149999997,2102.927864,2103.966715,2156.4774350000002,2291.862952,2305.761974,2287.834789,2235.8841079999997,2183.3124199999997,2250.404916,2261.3966530000002,2364.52631,2294.36208,1976.501875,2031.675842,2041.3938210000001,2195.472871,2319.0728059999997,2071.753629,1790.9764329999998,1664.2483109999998,1666.742865,1627.86557,1673.751133,1854.1162530000001,1978.016368,1992.578021,2093.2078239999996,2045.2928190000002,2031.6312309999998,2060.576257,2036.157948,2110.139623,2167.734164,2248.410429,2374.297077,2529.840728,2725.815245,2961.787982,2955.186222,3180.3746079999996,3359.5174020000004
177,Philippines,691.6812069,706.5513986000001,716.10745,741.9421791,743.2724445,758.330884,768.1780039,785.4097057999999,800.5564433,813.9679888,820.633505,840.6701446000001,861.4201370999999,911.8395306,917.7806572000001,941.7608065999999,996.1570299000001,1022.7631550000001,1045.876294,1074.3019980000001,1098.398297,1104.6605029999998,1113.174592,1103.019915,994.458451,896.9576615,902.8139894,916.8221214,953.2393539999999,986.6175824,991.4003349999999,961.9688431,942.6405175000001,940.557041,959.6490898,982.0315551000001,1016.311842,1045.4588880000001,1016.775298,1025.5515050000001,1048.0705130000001,1055.807441,1071.690095,1102.215971,1153.022382,1185.37688,1225.045039,1283.4673699999998,1314.225968,1307.139627,1383.404865,1413.366295
180,Portugal,2368.672136,2479.731321,2624.7426179999998,2767.720036,2940.75234,3173.310788,3327.716125,3601.5474090000002,3938.007635,4057.7739880000004,4610.253997,4936.848301,5340.804934000001,5937.1741409999995,5921.846426,5453.155504,5665.976525,5920.225203,6021.614369,6293.342302,6511.367048,6559.603351,6658.84317,6616.546056,6467.238496,6630.640111,6898.934283,7341.160295000001,7899.154784,8420.188639,8771.92762,9169.192716,9267.159781,9066.313494,9134.125285,9500.348837000001,9823.834262,10222.96148,10707.74758,11097.15537,11470.89792,11621.11519,11624.76812,11438.67936,11549.79944,11586.96254,11716.00896,11965.99661,11949.11464,11590.61176,11747.585490000001,11551.915340000001
186,Rwanda,224.96365780000002,208.91206,225.69670409999998,197.50318240000001,167.7636897,174.2025495,180.8826644,187.64535869999997,194.8154958,209.76688230000002,215.62679169999998,211.5782625,205.6257785,206.10485690000002,202.4491465,191.8603381,221.8799548,218.9231597,231.13132119999997,250.12765609999997,263.6974325,269.4882128,266.4200982,274.0605567,253.9171006,255.4341924,257.74220319999995,245.480292,245.9279731,240.13557709999998,234.8794625,236.9162772,267.0978606,264.643566,139.50097769999996,191.28382230000003,206.98305180000003,217.16874199999998,214.4013989,211.226038,214.2336989,222.93322940000002,246.0861869,245.10639959999997,257.7160008,275.1117623,291.0580268,304.5930038,328.65378419999996,338.7726933,352.5356203,370.5928566
192,St. Vincent and the Grenadines,1324.500088,1364.306609,1396.634394,1294.198441,1327.356598,1325.131556,1311.554232,1174.769802,1238.791051,1261.3645179999999,1382.425336,1408.201275,1752.451633,1540.512414,1389.04692,1269.463134,1386.428138,1411.1134240000001,1563.408005,1600.410293,1618.0301949999998,1702.528605,1769.892298,1833.74898,1927.6777539999998,2031.2241850000003,2151.702659,2234.5850219999998,2545.505189,2595.531524,2715.504887,2724.469521,2924.155455,2926.022069,2837.1483940000003,2865.622856,2905.04787,3292.818855,3465.5396130000004,3619.470299,3683.782769,3741.209407,3969.428837,4262.467501,4431.15991,4532.378171,4872.784507,5031.533538000001,5095.987207,4980.803252000001,4839.222302,4844.76687
198,Senegal,613.6279819,615.2538936000001,597.9334602000001,592.4252434,598.1338107999999,588.5281832000001,587.4463885,562.6931235000001,579.6719036000001,524.7764232,551.7765027,533.4486603999999,549.3282166,502.36263269999995,507.8078842,530.8279615,563.2717615,534.9344551,501.7805049,524.1676308,494.2061574,505.6858826,530.5448803999999,488.2285676,492.0441587,493.48746510000007,493.95691789999995,508.5687108,490.53413430000006,494.8902392,477.00341569999995,474.7715574,466.58300760000003,459.024336,446.09140379999997,457.3258796,454.43354810000005,456.88697609999997,471.9133211,489.42032209999996,492.28622520000005,501.4912848999999,491.4620661,510.2133638,525.8493055,540.5931403,539.4896428,550.6476376,555.9069869,552.5429026,560.2574434999999,559.9683029
202,Seychelles,1174.613911,1086.293366,1146.797912,1231.3482119999999,1271.965573,2485.941371,2475.7341,2427.807643,2548.7221670000004,2488.797035,2647.1739629999997,2997.725084,3116.777669,3326.796025,3302.000923,3342.100523,3815.440632,3519.059358,4197.804155,4793.067063,4531.964848,4113.189136999999,4026.872305,3923.0408729999995,4067.235286,4486.337327,4446.9200009999995,4610.494052,4824.361303,5322.881004999999,5645.4158130000005,5739.351472,6072.953579999999,6355.749608,6201.512968999999,6037.6518399999995,6242.2931659999995,6907.435651000001,7342.877917,7334.842047,7578.851053,7400.246821,7266.462762,6913.010245999999,6740.379744,7208.9682680000005,7721.541646,8419.715827,8151.71295,8162.196585,8787.766431,9279.112672
203,Sierra Leone,223.35278680000002,223.8331724,230.27518219999996,230.40106719999997,241.7558272,254.7680934,254.66619500000002,250.31870099999998,250.86570120000002,267.4141375,285.28757939999997,289.90515389999996,287.2639079,288.3967246,292.9143202,292.0612184,284.96009760000004,279.25625110000004,279.9821083,286.3686682,293.74284689999996,295.73064910000005,303.319169,290.5269625,295.4598754,272.84434389999996,268.70348060000003,279.88971580000003,253.1175182,249.65420330000003,254.7936682,259.8855892,211.3136796,216.00570499999998,213.51220350000003,197.2771487,207.15088980000002,171.790612,168.627476,152.06445449999998,153.4779677,174.5914239,212.5765491,221.2939321,227.25052110000001,234.04925919999997,242.8925156,251.4170171,259.0029069,261.3687038,268.3072782,278.2433791
204,Singapore,2251.394511,2478.23182,2409.277685,2558.07049,2506.762034,2782.514671,3009.796972,3303.977377,3689.6975439999997,4131.200684,4628.316527,5092.774074,5675.693832,6187.813013,6479.604853,6681.030483,7081.622775,7505.310995999999,8056.022423,8702.141773000001,9457.470948999999,9979.843179000001,10236.322329999999,10972.397570000001,11717.812609999999,11624.62962,11787.198129999999,12859.31989,13926.9542,14906.233390000001,15787.902559999999,16339.427909999999,16970.763769999998,18446.17393,19767.482819999997,20571.45946,21258.52785,22305.68363,21092.56352,22221.38452,23814.55661,22913.32124,23658.8657,25110.500330000003,27068.9741,28388.869660000004,29925.50494,31246.99685,30131.61718,28949.85732,32640.684419999998,33529.830519999996
210,South Africa,2203.729076,2217.8458379999997,2289.854448,2396.8033600000003,2526.477136,2689.992793,2748.8713329999996,2884.270811,2940.6622079999997,3013.973466,3104.0179789999997,3163.033507,3142.533834,3212.63632,3333.71864,3316.454761,3318.59184,3246.414281,3274.5196079999996,3324.7829850000003,3463.2471130000004,3561.259029,3459.7874920000004,3309.967643,3389.6416270000004,3262.743579,3180.686464,3167.455626,3222.6548399999997,3226.92477,3151.8386140000002,3056.094145,2929.027116,2903.199593,2933.724114,2960.422458,3019.966,3029.772513,2974.681189,2972.2034120000003,3019.946367,3039.70613,3108.043654,3159.2378519999997,3264.3173829999996,3397.720015,3548.09031,3704.084266,3795.9769060000003,3697.67368,3753.445365,3825.093781
212,Spain,3711.0992990000004,4112.064535,4479.949167,4866.994061,5074.680642,5333.775168,5661.985541,5835.4759460000005,6139.6310060000005,6620.92178,6830.718983,7069.462901000001,7576.684321,8093.053159,8465.777938,8421.513042,8600.806693999999,8740.224852,8747.250467,8673.583497,8808.824381999999,8726.872252,8788.552138,8901.977077,9023.888526,9199.6673,9470.171079000002,9970.859876,10455.793909999999,10939.13075,11335.552590000001,11597.70261,11666.91038,11510.72335,11753.38552,12049.25856,12311.9921,12754.63169,13278.0036,13836.7026,14413.788869999998,14774.894859999999,14957.322909999999,15165.92735,15408.16294,15700.52761,16074.461780000001,16351.11108,16251.836930000001,15523.003040000001,15418.82018,15428.32098
213,Sri Lanka,273.7066885,277.6427289,280.65275130000003,283.93677710000003,286.3426659,286.74291989999995,293.90853039999996,305.77635069999997,315.718246,332.8647475,338.43172369999996,338.0995754,332.23482010000004,349.43282739999995,357.5993993,373.5452959,379.784383,392.7139875,407.6658505,425.3184829,441.7877954,463.82238780000006,471.9380453,487.56621789999997,506.31943590000003,523.6118949,536.7616456999999,537.8201946,543.6152007000001,548.6445742000001,577.2392264,594.9802981,615.4917881,649.7576522999999,676.747999,704.3240993,723.114065,759.818766,786.3702892000001,808.4815709,854.9267252000001,855.3725803,883.4571768999999,923.6354395,960.7985946,1009.908869,1075.625538,1138.366839,1195.481085,1223.68571,1308.784019,1402.121673
214,Sudan,284.75714589999995,278.16387530000003,290.437345,275.5463548,266.04578829999997,277.35521800000004,261.08553190000003,258.456614,257.0750097,254.0252238,261.9359088,260.4032822,240.1000226,234.48316519999997,253.45870330000002,284.35641760000004,321.5971998,331.12610960000006,301.8373457,277.65897989999996,272.8540086,283.54555469999997,290.50225689999996,286.8792395,264.16766459999997,240.6068133,247.17100559999997,275.7309664,268.7166547,286.1745832,264.20469269999995,277.08646769999996,287.83000810000004,293.1974923,288.4693885,297.9165421,307.5115244,331.3842576,337.0008382,338.9298898,358.529201,371.776718,382.8049443,400.8953331,411.73053819999996,427.45344220000004,464.12887259999997,498.5701577,519.2826583000001,536.5690248,549.8570037000001,561.8427214
218,Sweden,11360.40555,11949.42691,12389.803,12976.57219,13758.58574,14150.45858,14309.50716,14678.04613,15126.81892,15773.38235,16570.99947,16612.83045,16942.91432,17584.86983,18094.6877,18483.04552,18610.807380000002,18248.803509999998,18514.4575,19183.50474,19470.05511,19407.38509,19627.70865,19973.87646,20808.10527,21228.6428,21785.289,22463.3491,22956.561840000002,23437.663780000003,23492.2496,23071.03438,22660.077080000003,22065.24441,22788.10617,23561.66995,23903.463219999998,24536.81457,25554.386290000002,26724.34561,27869.3776,28145.511739999998,28750.763839999996,29313.02109,30434.4529,31271.103580000003,32431.9404,33259.26285,32798.73425,30885.45914,32631.192710000003,33630.24604
224,Thailand,320.9065099,328.0574358,342.2936643,358.5940036,371.5916919,389.9389212,420.36683899999997,443.034554,464.90660549999996,480.88334330000004,520.2359481999999,530.0656291,537.1257574,575.7697319,585.4724147999999,598.9244741,638.898629,685.5305147,739.3134382999999,762.3074121000001,785.0234224,814.6210627,841.513292,871.6225587000001,904.4130073999999,928.6739695,961.4872544,1033.08454,1149.183997,1268.328818,1390.520211,1492.798578,1599.211652,1718.026934,1858.0039629999999,2011.825398,2109.05461,2057.066906,1819.176177,1877.305197,1943.237928,1962.2414370000001,2042.7982989999998,2164.301418,2277.562345,2359.6446140000003,2458.5174309999998,2562.7221600000003,2608.24726,2531.2337350000003,2712.508016,2699.123242
226,Togo,176.5698989,196.075133,201.6926215,209.4630428,235.196946,264.3531037,278.7622135,281.38160639999995,281.9804815,299.02320039999995,295.08141489999997,285.8062537,299.3439316,303.5507966,311.31359610000004,312.1196635,299.3670535,313.7232935,341.0290065,315.77898910000005,352.041067,329.94938080000003,307.49397819999996,280.6913417,285.9872459,291.7679809,286.8223185,279.2499462,288.9399264,292.4124014,284.42840970000003,276.2396666,260.05033419999995,216.5494299,243.66142050000002,256.1737988,270.64536769999995,299.54933969999996,282.85152660000006,280.4858181,270.0008761,258.4568888,249.74753130000002,256.0710824,255.66142940000003,252.9503503,257.4007154,257.57178999999996,258.0385955,261.0540398,265.9220492,273.10751339999996
230,Trinidad and Tobago,3342.312405,3744.3562020000004,3799.696742,3975.402189,4238.361138,4217.63507,4323.835112,4337.56426,4483.756700999999,4532.100725,4629.758629999999,4629.9758,4858.500092,4905.133537,5054.707437,5083.811663,5352.201709,5770.839064,6264.436656,6394.874533,6947.655718000001,7140.712181999999,7293.324481999999,6502.538808,6028.606869,5702.011088,5457.891165,5168.9924359999995,4937.161232,4869.144584000001,4911.863874000001,5007.588336,4887.098902000001,4778.1886939999995,4911.226715,5071.285557,5240.655855,5354.497819,5743.766192,5970.327241,6311.106551,6544.683827000001,7044.089736,8033.096122,8637.573301,9102.422018000001,10264.67428,10714.74422,10959.663709999999,10555.89147,10515.63403,10047.90319
232,Turkey,1582.568687,1560.209469,1606.04685,1708.960321,1759.622398,1767.92453,1922.7789420000001,1970.693868,2060.045727,2099.0870370000002,2120.9490379999997,2190.736343,2302.071239,2325.0482079999997,2401.526287,2518.194066,2722.419983,2755.914194,2738.352665,2662.814606,2540.3631579999997,2603.252664,2633.685309,2701.014169,2818.239598,2875.984715,3016.949404,3241.651655,3257.918275,3210.730137,3448.0014060000003,3413.644475,3525.163557,3731.731996,3499.091157,3713.622635,3923.8608950000003,4154.442935,4184.287831000001,3982.203914,4189.478062,3894.650922,4077.772373,4234.679177,4569.414208,4887.370377,5154.661097,5323.6829880000005,5288.416087,4968.579022999999,5356.000439,5741.410398
239,United Kingdom,10025.3494,10205.45454,10253.5937,10579.77809,11040.78967,11276.0365,11443.85302,11645.431540000001,12050.66964,12246.97375,13042.154540000001,13248.14066,13682.09848,14654.40265,14399.170090000001,14302.768109999999,14707.529719999999,15060.070280000002,15571.78611,15985.1579,15618.14742,15406.082180000001,15734.18065,16298.882769999998,16707.75076,17269.88771,17921.25699,18699.03581,19596.42538,19991.399690000002,20087.049740000002,19746.19063,19721.73864,20111.73115,20919.22294,21498.79017,22061.54938,22732.53847,23463.03804,24125.478909999998,25057.613530000002,25686.65028,26214.96735,27105.18271,27752.91158,28354.03958,28913.096289999998,29771.30335,29287.76042,27933.77767,28244.336939999997,28272.406610000002
240,United States,13723.237780000001,13808.064019999998,14426.75771,14846.32706,15490.73916,16277.37401,17136.34957,17374.536480000002,18027.61393,18405.71964,18228.92179,18622.33742,19441.37991,20394.987090000002,20104.54175,19868.265190000002,20746.79894,21491.820180000002,22461.785369999998,22914.55504,22630.52015,22978.98471,22310.23937,23105.52073,24554.40288,25338.555640000002,25965.88342,26549.87602,27388.618019999998,28098.400719999998,28298.44695,27849.880839999998,28401.465180000003,28834.55935,29655.069410000004,30050.98673,30827.9882,31831.46159,32847.351969999996,34053.355410000004,35081.92308,35116.21508,35427.909960000005,36021.314080000004,36931.39383,37718.00537,38349.39879,38710.88544,38208.76118,36539.22823,37329.61591,37691.027330000004
241,Uruguay,4182.118439,4231.300372,4113.191476,4071.375675,4123.413392,4121.472526,4203.508063,4009.7152149999997,4049.1264109999997,4255.510464,4331.945442,4308.067163000001,4246.461190999999,4257.1920789999995,4377.41303,4634.344765,4797.719535,4840.954429,5067.763979,5344.767453,5618.848079,5669.092307,5082.623703,4531.008006,4450.496128,4486.834721,4851.208549,5206.312868999999,5250.3335560000005,5274.0093990000005,5253.942903,5401.617021999999,5788.057622,5898.529062,6281.9363539999995,6146.711025,6465.206609000001,6973.3635890000005,7249.309765999999,7076.216877,6914.362581999999,6633.475168,6120.259436,6178.858603,6491.610552,6967.471275,7233.906191,7685.2245,8211.661782,8382.829016,9096.794459,9581.05659
246,Venezuela,5437.469231,5403.435893,5650.188735,5660.020136,6070.145076,6108.34843,5996.796963000001,5969.103021,6203.924656,6048.183075999999,6302.7131850000005,6184.439768,6054.3628340000005,6265.702311999999,6177.160631000001,6137.763275,6383.128957,6548.060577,6472.936688000001,6308.075224,5841.28064,5620.499655,5340.346924,4991.688754,4923.357322999999,4800.957486,4981.422963,5030.864859,5194.644417,4637.391973,4823.487126,5175.666615,5366.577735,5263.645046,5029.950336999999,5119.602561,5005.250067,5218.1540350000005,5132.015852,4733.817832,4818.70818,4890.92999,4377.382134,3966.499729,4610.489039,5000.076202,5401.421719,5777.628568,5984.144953,5700.884058,5528.363114,5671.912202
256,Zambia,547.44288,538.9474435,510.1450454,511.2092077,556.4789533,629.5715716,576.5401327999999,603.3051336,592.0737922999999,571.0319304999999,579.2675397999999,559.8288922,591.0475503,565.7433772,581.9826512,549.9357842999999,565.0341936000001,521.7859227,507.7980825,476.61480819999997,475.26737860000003,488.3178931,459.33811610000004,435.951991,420.8147785,414.38988870000003,404.6802627,403.05688680000003,415.84924900000004,399.98395330000005,387.292805,377.1755805,361.4832347,376.6755744,335.7071901,317.9384211,331.0225109,332.6409262,317.55869069999994,316.0358938,318.9268222,326.58879289999993,329.7351753,338.8847613,349.08547250000004,359.0712373,372.08367549999997,385.1228226,396.34438439999997,410.31626719999997,434.65980419999994,443.9206307
257,Zimbabwe,389.015773,400.33144889999994,392.93573369999996,403.90799580000004,386.48940739999995,392.39641689999996,385.6256623,404.5813315,399.3907779,434.5662803999999,515.236387,542.5294294,567.9035672,562.9935299,580.2234614,550.3385386,535.2072598,482.79952460000004,454.771817,454.1207147,501.2555977,543.0334085,535.8794833000001,523.1450476,493.3648308,507.833108,499.6531516,487.6665756,506.9892685,516.728512,536.9977134,551.9922021000001,490.4775035,485.10616739999995,519.4969303,510.7519156,553.8762918,559.5370889999999,567.4543121,556.3033687000001,534.7911515,539.662758,490.3868614,406.87856239999996,383.7076653,362.5763768,351.17204669999995,339.6548829,280.3085028,296.5486099,322.5569276,347.7456605
